naswot_score,logsynflow_score,skip_score
542.27099609375,21446.112892732628,0.0
832.0258789062499,3853283.7785006408,2.0
