naswot_score,logsynflow_score,skip_score
549.255615234375,13486.428608085496,0.0
832.2817382812499,3725430.233508397,2.0
