naswot_score,logsynflow_score,skip_score
453.79739379882807,21831.451952960346,0.0
743.213623046875,3725284.998446763,2.0
